{
  "time_bcrypt": {
    "password_short": {
      "cost": {
        "10": 0.03499330300837755,
        "12": 0.1383914380130591,
        "14": 0.5537141620006878,
        "16": 2.2111178009945434
      }
    },
    "password_long": {
      "cost": {
        "10": 0.03450294700451195,
        "12": 0.13807645400811452,
        "14": 0.5532200999878114,
        "16": 2.2106670099892654
      }
    }
  },
  "time_argon2": {
    "password_short": {
      "cost": {
        "10": 0.03192158600722905,
        "12": 0.03194290600367822,
        "14": 0.032212935999268666,
        "16": 0.03326032200129703
      }
    },
    "password_long": {
      "cost": {
        "10": 0.03152911500365008,
        "12": 0.03390917800425086,
        "14": 0.03218995200586505,
        "16": 0.031854450004175305
      }
    }
  }
}